{
  "User Research": {
    "Topics": [
      "Research Methods",
      "User’s Persona"
    ],
    "Learning Outcomes": [
      "Understand how to use various user research methods to gain insights into user needs and requirements.",
      "Analyze and interpret user research data to identify user needs and requirements.",
      "Utilize user research findings to design and improve user interfaces."
    ]
  },
  "Interaction Design and User Testing": {
    "Topics": [
      "User Interface Design Techniques",
      "User Interactions Techniques",
      "Testing and Evaluation Methods",
      "Documentation"
    ],
    "Learning Outcomes": [
      "Describe the testing process and how it can be used to improve product quality.",
      "Execute user tests and document findings to help improve product quality.",
      "Propose several ways to measure product usability from performance and preference metrics.",
      "Explain how to design and organize information for maximum usability and accessibility."
    ]
  },
  "Project Management Principles": {
    "Topics": [
      "Project management tools and techniques",
      "Project management processes",
      "Project management life cycle",
      "Project management methodologies",
      "Project management best practices",
      "IT governance principles",
      "IT resource management"
    ],
    "Learning Outcomes": [
      "Describe the key components of a project plan.",
      "Evaluate appropriate project planning and tracking tools.",
      "Analyze the expanding role of IT governance and its effect on organizations.",
      "Compare and contrast organizational cultures and their impact on IT governance.",
      "Create and justify several appropriate policies and procedures to manage resources in a system."
    ]
  },
  "Ethical, Legal, and Privacy Issues": {
    "Topics": [
      "Ethical issues in IT",
      "Legal issues in IT",
      "Privacy issues in IT",
      "Intellectual property issues in IT"
    ],
    "Learning Outcomes": [
      "Evaluate the role of legal, ethical, and privacy issues within IT as it relates to organizations.",
      "Model a computer use policy that includes privacy, legal, and ethical considerations for all employees.",
      "Describe the foundations of intellectual property.",
      "Critique several transnational issues concerning intellectual property."
    ]
  },
  "Information Systems Principles": {
    "Topics": [
      "Concepts of Information Systems",
      "Information systems in organizations"
    ],
    "Learning Outcomes": [
      "Describe the system development life cycle, its phases, and models.",
      "Evaluate the effectiveness and efficiency of a system.",
      "Critique ways in which information systems supports organizational requirements."
    ]
  },
  "Cyber-attacks and Detection": {
    "Topics": [
      "Types of cyber-attacks",
      "Methods of detection",
      "Tools for prevention",
      "Best practices for prevention"
    ],
    "Learning Outcomes": [
      "Explain common types of cyber-attacks and their corresponding detection methods.",
      "Understand how to select appropriate detection methodologies for specific types of cyber-attacks.",
      "Analyze and interpret data collected from cyber-attack detection systems."
    ]
  },
  "Vulnerabilities, Threats, and Risk": {
    "Topics": [
      "Vulnerabilities",
      "Threats",
      "Risk"
    ],
    "Learning Outcomes": [
      "Express the differences between vulnerabilities, threats, and risk.",
      "Use a risk management framework and different attack tools to identify a vulnerability.",
      "Recognize vulnerabilities, threats and risks that are distinct to network infrastructure, cloud computing servers, desktop computers, and mobile devices."
    ]
  },
  "Cryptography Overview": {
    "Topics": [
      "Cryptography algorithms",
      "Public-key cryptography",
      "Symmetric-key cryptography",
      "Hash functions",
      "Digital signatures",
      "Authentication",
      "Data security",
      "Privacy"
    ],
    "Learning Outcomes": [
      "Identify various types of cryptography.",
      "Discuss cryptography algorithms.",
      "Explain block-level encryption, file-level encryption, and application-level encryption for encrypted storage."
    ]
  },
  "Security Services, Mechanisms, and Countermeasures": {
    "Topics": [
      "Security services",
      "Security mechanisms",
      "Countermeasures"
    ],
    "Learning Outcomes": [
      "Analyze the tradeoffs of balancing key security properties (Confidentiality, Integrity, and Availability).",
      "Explain the concepts of risk, threats, vulnerabilities, and attack vectors (including the fact that there is no such thing as perfect security).",
      "Explain the concept of identity management and how it is important."
    ]
  },
  "Foundations of Networking": {
    "Topics": [
      "Introduction to networking",
      "The OSI model",
      "Protocols and standards",
      "Network hardware",
      "Local area networks",
      "Wide area networks"
    ],
    "Learning Outcomes": [
      "Understand the basic concepts of networking including the OSI model, network types, and network devices.",
      "Demonstrate the ability to solve basic problems and perform basic troubleshooting operations on LANs and connected devices.",
      "Express the basic components and media of network systems and distinguish between LANs and WANs."
    ]
  },
  "Network Management": {
    "Topics": [
      "Architectures for Network Management",
      "Network protocols and standards",
      "Network Management Techniques"
    ],
    "Learning Outcomes": [
      "Understand principles of network management and related technologies.",
      "Manage a network using appropriate tools and techniques.",
      "Troubleshoot and resolve common network problems."
    ]
  },
  "Operating Systems": {
    "Topics": [
      "Fundamentals of Windows and Unix-class systems",
      "Processes and Threads",
      "CPU Scheduling",
      "Memory Management",
      "Virtual Memory",
      "File Systems",
      "I/O Systems"
    ],
    "Learning Outcomes": [
      "Describe how the components and functions of an operating system work together to provide a computing platform.",
      "Demonstrate the ability to use both Windows and Unix-class systems.",
      "Explain the basics of installing, configuring, and troubleshooting an operating system."
    ]
  },
  "Data-information Concepts": {
    "Topics": [
      "Data collection",
      "Data retention",
      "Data fragmentation",
      "Data integrity",
      "Relational databases concepts",
      "Non-relational databases",
      "Special-purpose databases"
    ],
    "Learning Outcomes": [
      "Describe the role of data, information, and databases in organizations.",
      "Describe mechanisms for data collection and their implications.",
      "Describe basic issues of data retention, including the need for retention, physical storage, backup, and security.",
      "Demonstrate select, project, union, intersection, set difference, and natural join relational operations using simple example relations provided.",
      "Contrast and compare relational databases concepts and non-relational databases including object-oriented, XML, NewSQL and NoSQL databases.",
      "Evaluate data integrity and provide examples of entity and referential integrity.",
      "Analyze how data fragmentation, replication and allocation affect database performance.",
      "Describe major concepts of object oriented, XML, NewSQL, and NoSQL databases."
    ]
  },
  "Data Modeling": {
    "Topics": [
      "Entity Relationship diagrams",
      "Normalization and Indexing",
      "Logical Model",
      "Physical Model"
    ],
    "Learning Outcomes": [
      "Design Entity Relationship diagrams based on appropriate organizational rules for a given scenario.",
      "Evaluate importance of database constraints.",
      "Design a physical model for the best performance including impact of normalization and indexes."
    ]
  },
  "Managing the Database Environment": {
    "Topics": [
      "Database Administration",
      "Database Security",
      "Backup and Recovery"
    ],
    "Learning Outcomes": [
      "Describe tasks commonly performed by database administrators.",
      "Create and manage database users, roles, and privileges.",
      "Evaluate the importance of metadata in database environment.",
      "Consider the concept of database security and backup and recovery."
    ]
  },
  "Database Query Languages": {
    "Topics": [
      "Structured Query Language (SQL)",
      "SQL clauses and filters"
    ],
    "Learning Outcomes": [
      "Create, modify, and query database objects using the Structured Query Language (SQL).",
      "Perform filtering and sorting data using various clauses including where, order by, between, like, group by, and having.",
      "Use joins to select data across multiple tables.",
      "Create updatable and non-updatable views."
    ]
  },
  "Requirements Engineering and Testing": {
    "Topics": [
      "Requirement engineering fundamentals",
      "Modeling techniques",
      "Functional vs. non-functional requirements",
      "System testing standards",
      "Usability testing"
    ],
    "Learning Outcomes": [
      "Apply basic requirement engineering fundamentals, including various modeling techniques.",
      "Contrast between functional and non-functional requirements.",
      "Express different ways for current testing standards.",
      "Demonstrate the various components of usability testing."
    ]
  },
  "Problem Solving and Program Development": {
    "Topics": [
      "Problem solving strategies including abstraction, decomposition and modeling",
      "Program development using an iterative process",
      "Program documentation",
      "Programming tools",
      "Version control and project hosting and deployment",
      "Standard libraries for building and debugging apps",
      "Unit testing"
    ],
    "Learning Outcomes": [
      "Apply abstraction and decomposition strategies to design a solution to a complex IT problem.",
      "Develop a correct program to solve problems by using an iterative process, documentation of program components, and consultation with program users.",
      "Develop a program by using tools relevant to current industry practices: version control, project hosting, and deployment services.",
      "Build and debug app programs using standard libraries, unit testing tools, and debuggers."
    ]
  },
  "Fundamentals of Data Structures and Algorithms": {
    "Topics": [
      "Fundamental data structures including built-in, library, and programmer-defined",
      "Algorithmic program development",
      "Abstract data types",
      "Recurrence relations",
      "Formal reasoning on algorithm’s efficiency"
    ],
    "Learning Outcomes": [
      "Decide on appropriate data structures (built-in, library, and programmer-defined, e.g., strings, lists, and maps) for modeling a given problem.",
      "Create algorithms to solve a computational problem.",
      "Apply appropriate mathematical concepts in programming: expressions, abstract data types, recurrence relations, and formal reasoning on algorithm’s efficiency and correctness."
    ]
  },
  "Web and Mobile Systems Concepts and Technologies": {
    "Topics": [
      "Web and mobile application technologies",
      "Data validation",
      "Client vs. server-side development",
      "Cookies",
      "Server-side database connectivity",
      "JavaScript"
    ],
    "Learning Outcomes": [
      "Develop a web or mobile application that uses industry-standard technologies.",
      "Develop a web or mobile application that validates data inputs on the client- and server-side as appropriate, uses cookies, and uses JavaScript.",
      "Develop a web or mobile application that reads or modifies data in a server-side database.",
      "Write, debug, and test a script that includes selection, repetition, and parameter passing.",
      "Use scripting languages for web scripting, server-side scripting, and operating system scripting."
    ]
  }
}

