{
  "project_info": {
    "project_number": "414595682695",
    "project_id": "taahub-e1e6a",
    "storage_bucket": "taahub-e1e6a.firebasestorage.app"
  },
  "client": [
    {
      "client_info": {
        "mobilesdk_app_id": "1:414595682695:android:9b836d9fb007b851744322",
        "android_client_info": {
          "package_name": "com.example.taehb"
        }
      },
      "oauth_client": [
        {
          "client_id": "414595682695-9hoqv0l5f7fj97f5sp0crtael6tba3qp.apps.googleusercontent.com",
          "client_type": 1,
          "android_info": {
            "package_name": "com.example.taehb",
            "certificate_hash": "4480766fce1ca558b496046358ea7870d0aa56e7"
          }
        },
        {
          "client_id": "414595682695-tjasosvtqv93tempj8t0nhqrqm0tm124.apps.googleusercontent.com",
          "client_type": 3
        }
      ],
      "api_key": [
        {
          "current_key": "AIzaSyA0qWuGwCTEznl4so1LsiZG2uAXmviNgb4"
        }
      ],
      "services": {
        "appinvite_service": {
          "other_platform_oauth_client": [
            {
              "client_id": "414595682695-tjasosvtqv93tempj8t0nhqrqm0tm124.apps.googleusercontent.com",
              "client_type": 3
            },
            {
              "client_id": "414595682695-075im5atg6s7pftff8i4661fmft159me.apps.googleusercontent.com",
              "client_type": 2,
              "ios_info": {
                "bundle_id": "com.example.taehb"
              }
            }
          ]
        }
      }
    }
  ],
  "configuration_version": "1"
}