{"firestore":{"database":"(default)","location":"asia-southeast1","rules":"firestore.rules","indexes":"firestore.indexes.json"},"flutter":{"platforms":{"android":{"default":{"projectId":"taahub-e1e6a","appId":"1:414595682695:android:9b836d9fb007b851744322","fileOutput":"android/app/google-services.json"}},"dart":{"lib/firebase_options.dart":{"projectId":"taahub-e1e6a","configurations":{"android":"1:414595682695:android:9b836d9fb007b851744322","ios":"1:414595682695:ios:7b24bf373d31d26a744322","macos":"1:414595682695:ios:7b24bf373d31d26a744322","web":"1:414595682695:web:9de62a827dfb28be744322","windows":"1:414595682695:web:f75dfb86b62bee18744322"}}}}}}