{
  "knowledge_units": [
    {
      "id": "unit_math_algebra",
      "title": "Algebra Basics",
      "description": "Fundamental concepts in algebra including equations and variables",
      "category": "Mathematics",
      "difficulty": 2,
      "questionCount": 20,
      "iconName": "math",
      "isAdvanced": false,
      "createdAt": "2024-01-01T00:00:00Z"
    },
    {
      "id": "unit_math_calculus",
      "title": "Calculus I",
      "description": "Introduction to derivatives and integrals",
      "category": "Mathematics",
      "difficulty": 4,
      "questionCount": 25,
      "iconName": "math",
      "isAdvanced": true,
      "createdAt": "2024-01-01T00:00:00Z"
    },
    {
      "id": "unit_science_physics",
      "title": "Physics Mechanics",
      "description": "Newton's laws, motion, and forces",
      "category": "Science",
      "difficulty": 3,
      "questionCount": 20,
      "iconName": "science",
      "isAdvanced": false,
      "createdAt": "2024-01-01T00:00:00Z"
    },
    {
      "id": "unit_science_chemistry",
      "title": "General Chemistry",
      "description": "Atoms, molecules, and chemical reactions",
      "category": "Science",
      "difficulty": 3,
      "questionCount": 22,
      "iconName": "science",
      "isAdvanced": false,
      "createdAt": "2024-01-01T00:00:00Z"
    },
    {
      "id": "unit_comp_programming",
      "title": "Programming Basics",
      "description": "Introduction to programming concepts and algorithms",
      "category": "Computer Science",
      "difficulty": 2,
      "questionCount": 18,
      "iconName": "computer",
      "isAdvanced": false,
      "createdAt": "2024-01-01T00:00:00Z"
    },
    {
      "id": "unit_comp_databases",
      "title": "Database Systems",
      "description": "SQL, relational databases, and data modeling",
      "category": "Computer Science",
      "difficulty": 3,
      "questionCount": 20,
      "iconName": "computer",
      "isAdvanced": false,
      "createdAt": "2024-01-01T00:00:00Z"
    },
    {
      "id": "unit_history_world",
      "title": "World History",
      "description": "Major events and civilizations throughout history",
      "category": "History",
      "difficulty": 2,
      "questionCount": 25,
      "iconName": "history",
      "isAdvanced": false,
      "createdAt": "2024-01-01T00:00:00Z"
    },
    {
      "id": "unit_lang_english",
      "title": "English Grammar",
      "description": "Grammar rules, sentence structure, and punctuation",
      "category": "Language",
      "difficulty": 2,
      "questionCount": 20,
      "iconName": "language",
      "isAdvanced": false,
      "createdAt": "2024-01-01T00:00:00Z"
    }
  ]
}
