{
  "questions": [
    {
      "id": "q_math_alg_001",
      "unitId": "unit_math_algebra",
      "questionText": "What is the solution to the equation: 2x + 5 = 13?",
      "options": ["x = 3", "x = 4", "x = 5", "x = 6"],
      "correctAnswerIndex": 1,
      "explanation": "Subtract 5 from both sides: 2x = 8. Divide by 2: x = 4",
      "pointValue": 10,
      "difficulty": 1,
      "createdAt": "2024-01-01T00:00:00Z"
    },
    {
      "id": "q_math_alg_002",
      "unitId": "unit_math_algebra",
      "questionText": "Simplify the expression: 3(x + 2) - 2x",
      "options": ["x + 6", "x + 2", "3x + 6", "5x + 6"],
      "correctAnswerIndex": 0,
      "explanation": "Distribute: 3x + 6 - 2x = x + 6",
      "pointValue": 10,
      "difficulty": 2,
      "createdAt": "2024-01-01T00:00:00Z"
    },
    {
      "id": "q_science_phy_001",
      "unitId": "unit_science_physics",
      "questionText": "According to Newton's First Law, an object at rest will:",
      "options": [
        "Eventually start moving",
        "Stay at rest unless acted upon by a force",
        "Accelerate slowly",
        "Lose mass over time"
      ],
      "correctAnswerIndex": 1,
      "explanation": "Newton's First Law states that an object at rest stays at rest unless acted upon by an external force",
      "pointValue": 10,
      "difficulty": 1,
      "createdAt": "2024-01-01T00:00:00Z"
    },
    {
      "id": "q_science_phy_002",
      "unitId": "unit_science_physics",
      "questionText": "What is the formula for calculating force?",
      "options": ["F = ma", "F = mv", "F = m/a", "F = a/m"],
      "correctAnswerIndex": 0,
      "explanation": "Force equals mass times acceleration (F = ma)",
      "pointValue": 10,
      "difficulty": 1,
      "createdAt": "2024-01-01T00:00:00Z"
    },
    {
      "id": "q_comp_prog_001",
      "unitId": "unit_comp_programming",
      "questionText": "Which of the following is NOT a programming language?",
      "options": ["Python", "Java", "HTML", "C++"],
      "correctAnswerIndex": 2,
      "explanation": "HTML is a markup language, not a programming language",
      "pointValue": 10,
      "difficulty": 1,
      "createdAt": "2024-01-01T00:00:00Z"
    },
    {
      "id": "q_comp_prog_002",
      "unitId": "unit_comp_programming",
      "questionText": "What does a 'for loop' do in programming?",
      "options": [
        "Declares a variable",
        "Repeats code a specific number of times",
        "Defines a function",
        "Creates an object"
      ],
      "correctAnswerIndex": 1,
      "explanation": "A for loop is used to repeat a block of code a specific number of times",
      "pointValue": 10,
      "difficulty": 2,
      "createdAt": "2024-01-01T00:00:00Z"
    },
    {
      "id": "q_history_world_001",
      "unitId": "unit_history_world",
      "questionText": "In which year did World War II end?",
      "options": ["1943", "1944", "1945", "1946"],
      "correctAnswerIndex": 2,
      "explanation": "World War II ended in 1945 with the surrender of Japan",
      "pointValue": 10,
      "difficulty": 1,
      "createdAt": "2024-01-01T00:00:00Z"
    },
    {
      "id": "q_lang_eng_001",
      "unitId": "unit_lang_english",
      "questionText": "Which sentence uses correct grammar?",
      "options": [
        "Me and John went to the store",
        "John and I went to the store",
        "John and me went to the store",
        "I and John went to the store"
      ],
      "correctAnswerIndex": 1,
      "explanation": "When listing yourself with others, put yourself last and use 'I' as the subject",
      "pointValue": 10,
      "difficulty": 2,
      "createdAt": "2024-01-01T00:00:00Z"
    }
  ]
}
